{"cameraMode":{"drawMode":0,"name":"Shaded","section":"Shading Mode"},"sceneLighting":false,"audioPlay":false,"sceneViewState":{"showFog":false,"showMaterialUpdate":false,"showSkybox":false,"showFlares":false,"showImageEffects":false,"showParticleSystems":true},"in2DMode":false,"pivot":{"x":0.5999999642372131,"y":6.634638786315918,"z":2.564838171005249},"rotation":{"x":-0.054491039365530017,"y":-0.5071853995323181,"z":0.03214896097779274,"w":-0.8595267534255981},"size":0.46948039531707766,"orthographic":false}