{"cameraMode":{"drawMode":0,"name":"Shaded","section":"Shading Mode"},"sceneLighting":true,"audioPlay":false,"sceneViewState":{"showFog":false,"showMaterialUpdate":false,"showSkybox":false,"showFlares":false,"showImageEffects":false,"showParticleSystems":true},"in2DMode":false,"pivot":{"x":-4.574483871459961,"y":5.733735084533691,"z":-0.9546864628791809},"rotation":{"x":-0.3024311065673828,"y":-0.5578693151473999,"z":0.2285793423652649,"w":-0.7383173108100891},"size":30.68886375427246,"orthographic":false}